{
    "data":{
        "attributes":{
            "normal":{
                "array":[-0.278181,-0.960529,-3.76974e-08,-0.278181,-0.960529,-3.76974e-08,-0.278181,-0.960529,-3.76974e-08,0.859527,0.498678,0.111953,0.859527,0.498678,0.111953,0.859527,0.498678,0.111953,0.320587,-0.441131,-0.838229,0.320587,-0.441131,-0.838229,0.320587,-0.441131,-0.838229,-5.29536e-08,0.459043,0.888414,-5.29536e-08,0.459043,0.888414,-5.29536e-08,0.459043,0.888414,-0.888961,-0.457983,-1.86352e-07,-0.888961,-0.457983,-1.86352e-07,-0.888961,-0.457983,-1.86352e-07,0.845326,-0.0352657,-0.533086,0.845326,-0.0352657,-0.533086,0.845326,-0.0352657,-0.533086,-4.95858e-08,-0.554908,0.831912,-4.95858e-08,-0.554908,0.831912,-4.95858e-08,-0.554908,0.831912,-0.904012,0.392317,0.169851,-0.904012,0.392317,0.169851,-0.904012,0.392317,0.169851,-0.335735,-0.0771616,-0.938791,-0.335735,-0.0771616,-0.938791,-0.335735,-0.0771616,-0.938791,0.529373,-0.429019,0.73192,0.529373,-0.429019,0.73192,0.529373,-0.429019,0.73192,-0.922341,0.315339,0.223267,-0.922341,0.315339,0.223267,-0.922341,0.315339,0.223267,0.866351,0.0890101,-0.49144,0.866351,0.0890101,-0.49144,0.866351,0.0890101,-0.49144],
                "type":"Float32Array",
                "itemSize":3
            },
            "position":{
                "array":[0.245121,-0.97797,0.295671,-0.805516,-0.673693,0.498632,-0.805516,-0.673693,-1.50137,0.217646,2.35109,0.0318729,0.281194,1.96588,1.25985,1.22784,0.659808,-0.190387,0.245121,-0.97797,0.295671,1.22784,0.659808,-0.190387,1.19448,-0.673693,0.498632,1.22784,0.659808,-0.190387,-0.805516,-0.673693,0.498632,1.19448,-0.673693,0.498632,-0.805516,-0.673693,0.498632,-1.17173,0.0371422,-2.01821,-0.805516,-0.673693,-1.50137,0.245121,-0.97797,0.295671,-1.17173,0.0371422,-2.01821,0.217646,2.35109,0.0318729,0.245121,-0.97797,0.295671,1.19448,-0.673693,0.498632,-0.805516,-0.673693,0.498632,0.217646,2.35109,0.0318729,-1.17173,0.0371422,-2.01821,0.281194,1.96588,1.25985,0.245121,-0.97797,0.295671,0.217646,2.35109,0.0318729,1.22784,0.659808,-0.190387,1.22784,0.659808,-0.190387,0.281194,1.96588,1.25985,-0.805516,-0.673693,0.498632,-0.805516,-0.673693,0.498632,0.281194,1.96588,1.25985,-1.17173,0.0371422,-2.01821,0.245121,-0.97797,0.295671,-0.805516,-0.673693,-1.50137,-1.17173,0.0371422,-2.01821],
                "type":"Float32Array",
                "itemSize":3
            }
        },
        "index":{
            "array":[0,1,2,3,4,5,6,7,8,9,10,11,12,13,14,15,16,17,18,19,20,21,22,23,24,25,26,27,28,29,30,31,32,33,34,35],
            "type":"Uint16Array",
            "itemSize":1
        }
    },
    "metadata":{
        "generator":"io_three",
        "version":3,
        "type":"BufferGeometry",
        "position":36,
        "normal":36
    }
}